{"cameraMode":{"drawMode":0,"name":"Shaded","section":"Shading Mode"},"sceneLighting":false,"audioPlay":false,"sceneViewState":{"showFog":true,"showMaterialUpdate":true,"showSkybox":true,"showFlares":true,"showImageEffects":true,"showParticleSystems":true},"in2DMode":false,"pivot":{"x":-3.1757707595825197,"y":-3.8089230060577394,"z":18.502605438232423},"rotation":{"x":0.12852762639522553,"y":-0.08024036884307862,"z":0.010434295050799847,"w":0.9883993864059448},"size":21.906442642211915,"orthographic":false}